{
  "accuracy": 0.7490000128746033,
  "loss": 0.7221741676330566,
  "val_accuracy": 0.7023000121116638,
  "val_loss": 0.8767345547676086,
  "epoch": 4,
  "global_step": 7815
}