{
  "accuracy": 0.49987998604774475,
  "loss": 1.4010250568389893,
  "val_accuracy": 0.5929999947547913,
  "val_loss": 1.1645209789276123,
  "epoch": 0,
  "global_step": 1563
}