{
  "accuracy": 0.10930000245571136,
  "loss": 2.2897160053253174,
  "val_accuracy": 0.20200000703334808,
  "val_loss": 2.0846481323242188,
  "epoch": 0,
  "global_step": 1563
}