{
  "accuracy": 0.4458400011062622,
  "loss": 1.5331379175186157,
  "val_accuracy": 0.460999995470047,
  "val_loss": 1.4983285665512085,
  "epoch": 4,
  "global_step": 7815
}