{
  "accuracy": 0.723800003528595,
  "loss": 0.7945249080657959,
  "val_accuracy": 0.6934000253677368,
  "val_loss": 0.9063320159912109,
  "epoch": 4,
  "global_step": 7815
}