{
  "accuracy": 0.4837000072002411,
  "loss": 1.4351035356521606,
  "val_accuracy": 0.5788999795913696,
  "val_loss": 1.192157506942749,
  "epoch": 0,
  "global_step": 1563
}